ar1,ar2,ar3,ar4,ar5,ar6,ar7,ma1,ma2,ma3,sma1,ex_1,ex_2,ex_3,ex_4,ex_5,ex_6,ex_7,ex_8,ex_9,ex_10,ex_11,ex_12,ex_13,ex_14,ex_15,ex_16,ex_17,ex_18,ex_19,ex_20,ex_21,ex_22,ex_23,ex_24,ex_25,ex_26,ex_27,ex_28,ex_29,ex_30,ex_31,ex_32
-0.0013351838669228098,0.4070424882309722,0.6850623062467235,-0.45393748346241364,0.027913914969080154,-0.08036298192402128,-0.04048461615342788,0.4957792128106626,-0.27257610519634623,-0.8746080957073246,-0.5329643207691084,-24620.06546159298,518009.86645171855,1130873.451557574,-33572.09846922243,-39682.12926133774,42670.826002451184,66474.28736651364,36391.40774871859,-32971.56815911033,2025.6577875706998,-1671.4315062058158,-66231.37411912442,38150.93303673534,53691.58368883238,-63291.16742285318,-44178.03685977665,56387.602957183204,-3775.5446863698016,-10602.296506348299,-4422.987558421708,-1258.9186626079609,4529.803590133044,40308.37234354274,-28552.335043596482,1778906.5711885523,-197761.98103903083,-139.726275579731,462.28916943323566,11032.210446093406,-28600.070330422197,-1988.3326037440856,1331.0990755480552
