{"coef": {"ar1": 1.6856856058381047, "ar2": -0.7602807742809731, "ma1": -0.8299914497768771, "sar1": 0.3222279908822018, "sar2": -0.04604010325654053, "sar3": 0.12282028476241451, "sar4": 0.07820020657958324, "sar5": 0.04358869500656419, "ex_1": -61432.50614989011, "ex_2": -17584.158585400353, "ex_3": 48341.647892117704, "ex_4": -2275.692848011043, "ex_5": 796.1760609065509, "ex_6": -17981.208590318154, "ex_7": 8865.785916652589, "ex_8": 125.16256304202989, "ex_9": -71.06686118735934, "ex_10": -6317.877905546023, "ex_11": -25043.334272799155, "ex_12": -231309.56668093486, "ex_13": 383362.0983692434, "ex_14": -301829.12100861635, "ex_15": 3799197.414290698, "ex_16": 38125818.44725431, "ex_17": -348.90616909133723, "ex_18": -15290.07207978176, "ex_19": -1549.3657182952961, "ex_20": 29946.622910530943, "ex_21": 13157.41776650073, "ex_22": -446.691712988437, "ex_23": 9057.10848433806, "ex_24": -4646.972768954374, "ex_25": -193.70814172026803, "ex_26": 314.2316169041569, "ex_27": -1394.1366148382108, "ex_28": -8933.864100087, "ex_29": 180431.6058887066, "ex_30": 228419.92143691576, "ex_31": -12919761.535735155, "ex_32": -22011.395712024696, "ex_33": -6396.046471194471, "ex_34": -8595.584165102051, "ex_35": 9650.048162232713, "ex_36": -184.28335569884894, "ex_37": -17960.10322595479, "ex_38": 10457.53841273802, "ex_39": -19.309169583631956, "ex_40": 5.477334661106397, "ex_41": -464.4321572135559, "ex_42": 1076044.0310856223, "ex_43": -1439232.527404971, "ex_44": -57598.41856685789, "ex_45": -23347.830587839417, "ex_46": 92117.34442348803, "ex_47": 16885.070791493505, "ex_48": 277.6667380138206, "ex_49": 4101.301357872857, "ex_50": -1803.3469015748947, "ex_51": -231.63950590645254, "ex_52": 39.99199145837338, "ex_53": 9492.415401277267, "ex_54": -57839.72374984983, "ex_55": -29534.390382049096, "ex_56": -3016408.908590122, "ex_57": 9869416.861961275, "ex_58": -8498545.614707217, "ex_59": 70525.37535002385, "ex_60": 15033.49797645721, "ex_61": -60786.135985304325, "ex_62": 19542.394387504984, "ex_63": 14603173.152250465, "ex_64": 677.5663727823412, "ex_65": 18586.52679391147, "ex_66": -21914.2158782036, "ex_67": -65.89034187522338, "ex_68": 100.70051227329304, "ex_69": -2581.4985036630023, "ex_70": 211830.43004669633, "ex_71": -1792789.1131971641, "ex_72": -7501828.338447034, "ex_73": 1935.3375451484462, "ex_74": 1046.445748321683, "ex_75": 14812.499841264966, "ex_76": 10876.877367605668, "ex_77": -1711.4644005187438, "ex_78": 15329.397788035654, "ex_79": 2121.7559338363644, "ex_80": 389.08432344085304, "ex_81": -209.6691079568409, "ex_82": -3129.0407222255326, "ex_83": 1901018.7414191416, "ex_84": -6705854.610905945, "ex_85": -9354.949226725279, "ex_86": 14335.173861053074, "ex_87": -69494.59837368334, "ex_88": -1260.6786834373488, "ex_89": 1092.9762747965287, "ex_90": 3093.9180574997445, "ex_91": 11.222635390266078, "ex_92": -154.65809634602556, "ex_93": 6721.688070378674, "ex_94": 2137057.5458200085, "ex_95": -773861.7270851616, "ex_96": -10072919.34846599, "ex_97": -10662008.950301604, "ex_98": -10431745.872662202, "ex_99": -10587500.303089088, "ex_100": 662252.6822234492, "ex_101": -5098.577908539649, "ex_102": -21875.762965472488, "ex_103": -26713.26216167742, "ex_104": -46387.0734941218, "ex_105": 113845.83690350156, "ex_106": -661497.5437993816, "ex_107": -812679.8731077247}, "sigma2": 36240237413.57304, "var_coef": 